sensor_1,sensor_2,sensor_3
0.39660418116828905,9.436235334517548,2.8324935077412934
0.7107374185634069,8.533458258357125,5.327256485259864
0.9475701255151547,7.405947123637814,7.262423526491121
2.081282573548229,7.19101402179348,5.82015053910321
2.722829865469756,7.728224154383215,3.519459639723162
3.3020516831806854,7.746597293460985,3.2743567779904366
3.8106810185917874,8.103063094712262,6.145620155297078
4.786434793533718,7.185669047687543,3.648058184319506
5.450799770878976,7.249726215167194,3.18835112494234
5.534163533510578,7.298369309316377,7.0489130868545855
6.789745899853102,7.081765168154359,4.130613447278156
7.445522938028139,5.6572372006727765,6.217025235614557
7.917634636672939,7.116426311494085,4.600081751321721
7.778924782452189,5.585941414643262,3.7655468882295264
8.110273977310342,6.3808461056436,4.836437241905255
9.05935662324653,5.633519886388381,5.9909542595283805
9.47757499053537,6.014292434668241,7.396032809026885
9.204471495965675,5.1710655369678165,6.11518813447876
9.619576042184937,4.401588561789055,5.624415193170014
10.363357895606619,4.176585777312571,6.458294059279508
10.205984100002661,2.7840055586668524,-1.8797085439080918
10.267044732723337,5.2109903182817705,5.172404754122318
9.89557308814077,2.59296247022064,5.480551815758769
9.866519959939021,3.1909829394831823,5.629605660925544
10.039193706239978,2.5457156964880863,3.822827801755614
10.508520275847816,1.9548354940522006,3.7183495790372865
8.93475381094953,1.483216853752241,6.618199200641899
9.573290785143328,0.6712735142977135,4.414995395907323
9.146782880601547,-0.5141325359310238,5.363426340132156
9.00776221804549,-0.014402681093378,3.329586051859871
8.932191221915046,-0.5670160580003853,3.496657845399599
8.823622211724373,-1.9565299662590676,8.324043303035758
8.680245784943915,-1.1051407354961245,5.786232016087299
7.237335741123452,-2.6711860411732538,1.7521306186751242
6.9368039168552595,-3.1460002229512516,4.2226871921713345
6.4433457020562885,-3.9050427997736863,4.8929784209416916
6.087342577006768,-3.0161180166780555,8.499917924164285
5.140532539512467,-3.645937812891547,5.367318454590961
5.893535450062241,-4.328558851045133,6.088617463968036
4.633085159616809,-4.454797836760722,3.1835703570218747
3.1442753314552876,-4.049911507224368,8.246894026591951
2.8288711834235674,-4.8712893265465755,2.670452482632792
1.7126272745434725,-5.289718053101118,9.081451734565508
1.0549904288920842,-5.497748649845872,3.848173127753931
1.0933236353275286,-6.842835893263796,4.920418652066478
0.6427916805187025,-6.34332715446545,1.9895656472798824
-0.7233561167118832,-7.42987634138992,5.7075924940569145
-1.928962219971324,-6.950734744962969,5.582890062933515
-2.6325035493887703,-7.802195352297064,3.3885509760500874
-2.423508218716803,-8.254350658858295,5.368403382016105
-3.2837057484668755,-8.381163704456501,6.355036920722111
-3.6965388815026916,-6.016277633691562,8.305817712482106
-4.560768485306319,-7.945740685431433,3.19349421584002
-5.423394271055609,-7.6630239011354115,0.06383669884829857
-5.734124229970792,-7.7300986674504895,5.9085974655100335
-6.8324720267955,-8.764322153079146,3.3002885399494453
-5.880102192884363,-8.019204353565566,5.539893807572367
-7.836683222638608,-8.857263839348475,3.27672544291992
-8.076581250181377,-8.036625651188018,7.620596694674992
-7.8035491221028375,-8.576936305545715,2.1961120154176674
-8.327217988803884,-8.557669018716178,9.113780019690902
-8.72523738158318,-8.09521545742312,3.9871040497870753
-9.15498268720318,-7.953769311852938,4.403450102348697
-8.739197598626111,-6.610354649525402,4.385169529220826
-9.357832085713076,-6.596750614233548,5.631758414667917
-9.821133201563876,-7.172239972969593,8.325912242470272
-9.898471213161626,-7.857067755708996,8.08315282961754
-10.238576985175278,-7.010697253914665,5.6205707766356126
-10.297712216940178,-5.67011930233483,7.401961372260256
-9.537163845499146,-5.898300192768248,5.144267137171135
-9.480307646700366,-5.099443378205405,6.739622768511582
-10.506596704261646,-5.282849549727773,4.862662146589113
-8.81928210385806,-5.2830449750573045,3.0049767243206507
-9.671490320242963,-4.291490731913431,3.7858381604042437
-9.437115284194991,-4.954611179634136,6.964185802291373
-8.549211885909587,-3.5576850772778172,6.97404893681362
-8.378495882170737,-4.305963148557231,2.172484566868329
-7.611596236649917,-4.746016171378831,1.333013341887642
-7.753045969940846,-3.970849991493835,4.551879303889778
-6.665488824690436,-2.477354883420478,1.899438554233813
-6.580462875476771,-1.1075907568697496,1.6586469365136343
-6.014021275764166,-1.2703492890887138,3.213225545158119
-5.557272164175606,-0.5183161310416905,7.176871080968516
-4.328295428653907,-0.6439603279122408,4.663452513661011
-3.667320859762728,-0.4031650601492832,5.697563721301492
-3.6411243007238197,-0.1297110172497558,6.725477342604238
-2.957380374910676,1.023941305129497,2.784002160122282
-1.9026628706327235,2.4102098190030983,6.372902487599698
-3.7255824082217495,1.9830344707355616,4.748568362936957
-0.9404048506502701,2.4409681619368633,4.874931566922117
-0.7357762797330198,2.6594548612528603,6.924407007037867
0.5777128995118754,3.6483808857532223,4.61031601490927
1.2170142867313618,3.403413078358131,1.8526260198116606
1.785974099874214,4.676936714436846,5.236898369627194
1.991042845144987,4.443337326929617,7.022889727645824
2.5823267375236374,4.241144088150325,3.5164022218920747
3.245947854048829,4.276186981620796,5.43204601105024
4.575405612779947,4.537094883936359,4.2871971801263635
4.287094763526011,5.798524496865922,4.004772230230636
5.817330745071119,5.322494067909214,3.6450985960547353
7.5324115995418826,5.2508232514287245,4.991934351257608
6.6921902813388305,7.064467430151478,4.9293847631558565
23.45476989220541,6.5024998932594205,2.3347997444459994
24.098430501837015,7.233668311257427,5.413352545820911
24.760712243308525,6.885330906049992,6.7125538983005555
25.05971754178797,6.879613185397144,4.732007856524605
25.54115829125918,7.175335434734991,5.095408005189716
9.771127089711626,7.8970675312063605,5.724731116833547
10.394557822968295,7.974479958205107,2.590004419803565
10.939634706592887,7.907513083280274,3.9672799782473716
10.04165945005498,8.686408621634834,4.965949277048707
10.303499668644877,8.285130399523865,1.1190102776194504
10.166089008184501,8.286164016604559,3.881886585217708
9.889855035847043,8.387439119700103,6.179646001453903
10.563029630959196,8.074392932034785,5.231174664427848
10.04437526592291,7.185949027298272,4.356037052096968
9.922540385169675,8.524430690941303,6.999317643771623
9.8137384102928,8.05270519957523,3.4840587816740376
8.539698722214872,8.545797188647677,2.587775906462652
9.336632449118335,7.335539461072943,2.481009863498143
8.710548820957069,7.47730765005826,3.981924489446432
9.473346996330378,7.72679406210662,10.120763168364313
7.495287754405706,8.301791795915243,5.452341829109327
7.851757089289804,6.528010297395248,5.404807724840994
7.269200252153861,7.439245398092636,3.714520661383272
6.984649011447897,5.951876643142118,2.843923559493333
6.143317982796067,5.080293904267942,5.217277936315601
5.7792849122140675,4.728522976898564,7.703364511012011
4.231895223663246,4.4519427714413595,3.029152048421822
3.1248854083800044,5.507620568852297,8.04968992133679
3.5243248395995392,7.074739856698184,4.600513027739481
2.6807929034590443,4.232748646356197,1.6883495863588651
2.8771997778536393,4.114166312009427,1.8783227261952504
0.9766292367396451,3.211543034956925,3.2663388037313177
1.1778169343547926,2.4341572341352053,7.2681074489779665
0.18774992576164504,1.7788558100273293,3.668458610043373
-0.23884747000985826,1.6506576204819856,-0.8862702653624881
-1.1723821448556335,1.9933479761363353,6.835629063255546
-2.297042802832568,1.1736711112085174,-0.0758198216933259
-3.0058705824087157,1.2859269142277483,6.711521028265384
-2.3245110803397,0.962938275763495,5.638969144159699
-3.9315288421263292,0.09846842698066349,8.133767917048907
-4.561821199551292,0.39985733600107565,6.187276715610736
-4.656048492474743,-0.1331281072357302,6.245296530248005
-5.668312620617569,-0.7592964159735902,7.460165471680458
-6.45753481926284,-1.3980809249755848,8.56101005028044
-6.001173794371889,-2.6155591781596503,5.430555526232189
-7.382322509932212,-2.0524625968927643,5.430248769077889
-7.036292940220528,-3.288698847782846,7.904529858600187
-8.04660442340717,-2.0556311417071536,2.7418071377347184
-8.104786968245719,-3.918892726663395,8.119982354480452
-8.174708983410532,-4.929179475640285,7.6674308464028815
-8.641974286318062,-5.46188566428264,7.742157678294478
-10.11627041426836,-4.44457357414491,4.934516172593702
-9.140948336526838,-5.888997266658688,6.80954395100819
-9.567248147430416,-5.835819158042081,7.211929998244695
-9.132306942742375,-6.819431519317546,6.364228306973187
-10.539641501849237,-6.515893292605025,6.767455744709279
-9.506337475574082,-6.259154833634468,6.251924222569261
-9.757417350638697,-8.830415031973612,-0.04795976316639727
-9.451274650864677,-7.072347699930362,5.935465996497576
-9.699298469521828,-6.89257933614466,4.302414810823649
-9.748214237011295,-7.021070367410611,5.181098413252482
-9.057536928208313,-7.294465130109526,4.49878490513437
-8.66620400455177,-7.609714961464371,3.0485268851312197
-8.774058318558088,-6.061931190240757,5.426500818610525
-8.956463439216588,-8.106579133903718,4.828711605034531
-8.051816279708728,-8.00345864513996,4.839674353849017
-7.11072994414957,-10.067667887289057,3.3513815957336184
-8.307601663999467,-7.1699939199824865,7.511903207941989
-7.723300901853695,-7.482137967330569,4.964366369723002
-7.022262974774329,-8.671408442949218,5.505068334006724
-5.444176198190303,-7.327738711454059,6.925756783622066
-4.6877445478036295,-7.37842418757254,2.5159019138685257
-3.949058598484325,-8.855274017373555,-0.6752937342457681
-5.107430676812925,-7.630952178269727,4.826007009430377
-4.207999034351437,-6.85331073174954,5.289512219266493
-2.5098776537994096,-6.700328163944272,5.591824168955655
-2.1090467366425107,-5.985905822075717,5.041974927562587
-1.0115595219270892,-8.75397286520362,4.345296407062181
-0.8143194008278164,-6.514609092289958,5.0550686609503686
1.125311350519899,-5.984401546046531,1.1095531922433497
0.9423203251611187,-5.112426344004321,7.9515990128164855
2.6396696427761084,-5.536730488857087,4.365047381710423
0.9973926428852258,-5.097702863733269,7.561151277701768
2.8213716163033573,-6.1048065936001015,3.5971344329983888
3.4261793775568954,-5.098340596241391,4.704338549627198
4.219252069889385,-3.3266702909583517,7.073723483973161
4.698461387595483,-4.076521569175059,1.9559244630136563
5.794222491950498,-3.5639786888218956,5.832256421331364
6.256383505998224,-2.883112463167624,6.735167397761699
6.241887572173171,-2.7606438037691667,3.2360477864891632
6.799971550059679,-2.2907464403023554,5.827805539170532
8.005830634621917,-2.0135200387366763,6.151986226199626
7.594493466243231,-1.474326912983229,6.141134018745596
8.506184345468977,-1.7218396801963096,6.383203430705938
9.042190268920063,-1.514291772340914,6.9233254140851415
9.43284376608802,0.3434515338604789,8.153062341251244
9.857982020463876,-1.1176253525155893,2.0273145036128226
9.682228701749748,2.320237626705242,2.9706667958630346
10.694785038642202,0.4500483168235764,6.061757934250577
9.282536872219833,1.850607262726437,1.6147818131204663
9.717381882494847,2.33845087058833,4.361206732191322
9.938134871039564,1.5787160223126568,7.489291340429691
10.283301240227894,1.22991641700363,4.9293032188488
9.319318955882004,2.8458565023274573,8.01902846415209
10.451970918157345,3.4261870175927585,6.7549195048298065
10.03826760142092,4.170532620550887,4.7728254222423745
9.760507837742272,3.555250285044209,7.277440763932223
9.404273286264258,5.025271358264267,3.1406587291023476
8.781343452525768,5.21653515213827,5.35110501792608
8.486474491748263,5.773142718728051,7.1480608977411695
8.381378859755644,5.332677040760866,7.4175407507022655
7.748683155503533,4.7760674803711645,4.4983408954206014
7.472084960568672,7.911129987810229,4.427184734315736
7.1516134839809204,6.937709270560807,5.922631772321684
7.0018116498203415,8.050680598712654,8.04779540286938
6.450152438657852,7.09704997479604,3.814503690487069
5.537287119640599,6.998881827883957,4.070732016045315
3.270833717386748,7.65134344515574,8.455973916786366
3.8545626280831238,7.285225962263322,2.6430063639116925
2.910234083673234,7.047899034347027,5.616223404202325
2.2352706519703034,7.479105606291896,5.250991005462775
2.3686020861003163,8.453073276568885,2.768939323536696
1.6708587152496814,7.630249480060331,3.509819305748094
1.5560141996072678,8.130047449876345,5.253191121439488
-0.08440595741922945,8.849381876460498,4.674591659567472
-0.4327780029889333,8.532273029758812,6.276290494243597
-1.8052771193827504,8.613948983353831,4.4932633986893045
-2.4325625957109134,7.885167587193951,7.027499947204204
-2.9195617220937518,7.803481559375672,7.964503154264947
-3.862872007196099,7.310259185219948,6.549051729027221
-3.9974567151941236,8.141629747009508,6.346913974024526
-4.485044493157427,8.183285234573706,4.575659093023533
-5.038913804248754,7.722612744581418,4.0321134413932045
-6.782515538815726,7.724042752166206,5.899905238257877
-6.394753840721733,5.325521877807201,7.550753768368237
-6.950841206868722,6.397395958508354,5.549307277750515
-8.460656662266882,5.116593995925781,6.183062116415843
-8.13231442835948,6.041641819383592,6.332929792984078
-8.73498525320116,6.147143825230469,4.089207403086489
-8.96693506776887,5.968468868414565,4.375184820686607
-9.357759017331869,5.209531971324231,6.405357586470013
-9.256727337239536,5.1081429467643975,8.518230968880047
-9.450323890720052,3.2110113188761256,4.4742873409351205
-10.259190083692227,4.514537519571597,4.33399317293412
-9.42773817871123,4.4639698383379764,7.96245721677913
-10.672458004919148,3.524519410099229,4.02363999289704
-9.917069456322766,2.748335264157395,4.043729892727817
-8.592280262969652,2.3113319289848087,3.18953904702492
-9.904755851519099,2.4424488219263916,2.3772046575945462
-9.805163289931347,0.7558251300655645,3.3626382453528008
-10.346023211535181,2.393296827532474,9.323626511916528
-9.935317674835535,0.7437514346105139,6.783037412845544
-9.62303172384016,-1.3122371548070513,0.10072067939388774
-8.899564508597557,-0.8860897228265363,1.6654563382638297
-9.773537597258484,-0.1474896485528865,4.178839757315121
-8.629365405140067,-1.0306789604663626,6.414539525415703
-7.9458074487764545,-1.6929107033502626,3.0343897205458052
-7.154159257290248,-1.4544275518052994,5.6511144645858025
-6.46965234468876,-2.5992635492601703,5.021799280915888
-7.3997538221233885,-3.4959839560564303,8.345437644635055
-7.175635251374316,-4.42219642720292,1.4964543395136443
-6.269802403938591,-4.272652699361062,7.580313310947513
-4.768071615769109,-3.0282151454658983,2.675145042329141
-4.703826263390107,-4.219549001807973,3.031401753142719
-3.613485710655674,-5.730883467619451,7.845722951390977
-2.9496283354625987,-6.128608563823082,6.332770159443395
-1.6516607409361048,-5.6012468975881555,7.201674228670401
-0.858733201690138,-6.270932200578695,6.91241164606425
0.4486812669636149,-6.180778311457269,2.094143583739247
-0.0648842609250967,-6.30209033801885,3.121244741715599
0.5992903664043969,-6.617172388167321,4.562153744386121
1.2755427444229954,-7.2049909888156405,3.7733017338438843
1.316883060831763,-7.257595137245502,-0.23713420791072704
2.3839750672012787,-7.871391315799068,7.277141060657042
3.90235367752645,-7.588505527902539,1.3092004612509216
3.1398154461147625,-7.338675182434225,3.7426040166852226
4.450254867552416,-8.228317716076205,4.507428662420578
5.814399030117768,-7.647991728857903,3.493992026468457
5.829974980781863,-7.323883608064999,3.1505449283986646
5.8776607252874635,-7.820875333771285,4.474467915904194
6.935087951825018,-5.940768345114456,3.9386614357803618
6.440476067913898,-6.970149780641473,3.4319351806570246
8.029796565705016,-7.779429035237432,7.791014987147299
8.614293169779998,-6.8005271014431194,4.3229877967788966
8.942349011582712,-8.22034005915225,4.023640456759183
9.053804614230245,-7.127949641025402,5.734951716378442
8.918408042400968,-7.413739624103621,5.7456540906894125
10.030930491199552,-7.033405834950308,7.481636261709251
9.730429909998035,-7.3593437545138185,4.860956430286492
10.349467638591022,-7.61220898073622,4.81552071689719
9.484455301914592,-5.455685568215605,7.402682029593369
9.937983705586277,-6.310429701015287,9.669327294405857
9.739798036417843,-6.9880506399284315,3.3460093327899254
10.395644869072136,-5.779409985780255,8.507041535560992
9.930527631123194,-6.502909699852923,4.502797032217651
10.288392454331566,-6.452326663013999,5.95713141525432
9.326215452784002,-5.323791491348741,5.4508412243641615
9.97087127519694,-5.87635076356032,8.703012971733948
8.922945444421712,-3.4656088449919666,5.434508812227408
9.926245580228967,-4.658162136299428,4.22779324840564
8.702635782003158,-3.29678115637024,2.2411178685173345
7.803894447614114,-3.5348796426535305,1.0836247672523505
7.997907139485289,-2.947720171055921,6.487975903363448
7.758352854617581,-3.3468326765830083,6.751680918044741
6.737153247781306,-3.2356102124992088,2.988178256418753
6.635552232289984,-2.4741788127278355,2.911394760707457
6.240722250785605,-0.42538829271498335,6.877064191372554
4.6487118270102465,-0.6388334329586995,8.044117707785585
4.566608551902035,-0.510611180364401,6.291730055973027
4.058565041238015,0.4535087599209436,4.094627297847785
3.5425637985323712,0.6778646685070191,6.432142090957662
2.2547114617339648,1.2247324566552222,4.056332310194175
1.6197325323237708,0.6265960183442659,7.020367613759928
1.025576269441869,2.8994572159573773,4.724980693130728
0.447686140363701,2.3474661560994576,4.13106444746532
-0.4108748884172603,2.926898384045629,5.467322379795359
-1.8007471954626442,3.0513995676276737,4.594043032943492
-1.8685088278526112,3.1959200401910577,4.442895067086288
-2.253741954269011,2.985239544382131,6.1052342610246235
-3.6648953653235976,5.241647689971298,9.42451259293928
-3.733766347248827,4.626301245473076,7.009383199224835
-4.337725700364107,5.643197861395926,5.062650377899858
-5.419439675119771,4.755173593418623,5.020855470715103
-6.069814074159559,5.485419895713137,2.9937127610281578
-5.263803699323626,6.893224730601276,6.474532808009526
-6.413289186583011,7.049348643507889,4.775185404053463
-6.274299607525504,8.395219644142998,5.675164200700951
-8.332794378863635,8.275182410050348,6.150729358358661
-8.40943150334323,7.825758981156446,2.757437001270743
-7.510402526648921,6.199788858366524,9.701179844876837
-8.531042763969582,8.712257408507421,3.574764815422762
-8.92555139504995,8.256908291797993,6.395231045567873
-10.7798995266067,7.586409708291861,5.5939365198611934
-8.193948023525385,8.039099549931333,5.939947300673264
-9.891899522164074,7.81110156305872,1.5747347558669729
-10.06806643211959,8.522006518981053,3.5296318420999033
-10.2183911512114,8.331632967891979,6.876491625820515
-10.102908970143197,7.346927641805579,5.602261577655434
-9.862465629303813,7.3365510265556875,4.458388014175053
-9.718248614617886,8.098431940606115,6.863469352607308
-9.5019128546126,8.237229745744376,6.66502807832695
-10.010605912548238,9.107174626732487,5.478185097218938
-9.293628665595609,7.325811864424437,4.627186991786705
-9.973322235227426,7.62912137180952,1.2035606642815782
-8.97863312913,8.019107154053065,10.50294540189381
-8.523942040303352,7.141344204159731,4.250593893957969
-7.5662143305343506,8.144506374371923,2.891910937120603
-7.826621741007618,6.511713385734746,3.49154441368446
-7.59732630850082,6.224568154495918,5.698658700454031
-7.216564743522197,6.900071710745508,9.009422635240114
-5.907665175178223,5.944848099221782,1.327286977723865
-5.113089940024142,6.502335112989121,7.917410010351486
-4.8350706216535215,5.792423139183209,8.736784216210662
-5.557529963583036,4.55332047529224,3.9238079220422497
-3.8967689616355523,5.178407731424872,2.8265397295116053
-3.214600411238696,4.449745493575503,6.79512090801069
-2.395123456938211,3.9937355859939,6.48155733276586
-2.1687543913737963,4.499556182297868,6.266764214254884
-1.0679187643558403,2.167430310676388,6.088285298501266
0.1813269206768473,2.682216983661678,4.439134145613611
0.3265803870008336,2.7104045524275526,2.040752769310372
1.8707110072172808,0.8351282606221841,5.840097856393017
1.8901921122422305,2.121238644770599,6.207337818882189
2.3034311040991033,0.7506636587943576,6.048969041939856
2.834923330340453,-0.17317044646634872,0.7201720414230444
3.2885775992664543,0.08037739891671525,5.7456526807449055
4.386769887758893,-0.964088009310867,5.039316236501572
4.60203548140745,-0.6835846848292833,5.877874567254336
5.605065628213387,0.14556998461043857,5.2239392557100945
5.5266384225840754,-2.447984162677243,2.580487412092554
6.787358635617871,-2.0194418078629437,6.433127540238287
7.220098105444997,-1.8121667228288065,4.05757507602183
7.854687258056015,-3.2765964679342727,6.625522433522576
7.828608744042337,-1.9700970614819235,5.0665297047676106
9.351022338177177,-4.632752790543237,4.112616818469396
8.284226263787433,-4.126103981045945,2.0663942299213676
9.672283422017925,-3.8730999886625352,3.650524847929535
9.689602356107434,-5.5428391127019205,4.748818194607571
10.09134193961369,-4.349931212489844,7.162179234047301
9.004092904693595,-5.517145736226516,2.630861757633418
10.416458737918889,-5.244759167540892,3.9681156536192352
10.055503950607653,-6.56307859620235,6.428144359693125
9.881442910459485,-7.839197222384042,2.677890595913496
9.833389359909601,-6.077392414627392,5.436057140536285
9.787074318280315,-5.310488849754786,3.2174163389855623
9.317361244124944,-7.734360097521082,3.214083715194499
9.85575542513584,-7.083377423915799,4.931531549187935
8.886656481428153,-7.127948342221275,2.4147806902561313
9.4556535352961,-7.268623441400367,5.821097445425311
8.89652673362293,-7.748875914464319,2.0159587427682157
8.66875310685008,-8.688789719509435,8.413809849490454
8.309622215694965,-8.455847461845217,7.390063166975302
7.338417281599458,-8.474542808647815,5.708101066991015
7.603073957367922,-7.28260708083898,0.7469367519265608
6.605635112016537,-6.953039296758449,4.062163725124527
5.830968628673126,-8.333505742190424,4.025423643794245
4.962683766529587,-7.579244752562294,5.647907625695312
5.024411769362328,-7.586518561189657,2.189100536924986
4.154175905507528,-6.652406515589117,-9.679889619260354
4.195352585165072,-8.092139416414708,-11.082284553593443
4.36272442273883,-6.62957903330365,-10.391814837680638
2.0307087389621215,-7.666936426848446,-11.23231007637605
1.2327362882786188,-5.931701648586257,-7.938932788587873
1.2216162962435408,-6.762249082737226,5.637416277644054
0.0795755718498713,-5.4511257562170465,8.589139618203998
-0.15646657585933643,-6.43597658469462,4.823208133582449
-0.9732275778651318,-5.8743761292051975,5.683606560379323
-1.7485948245683796,-5.360361756102897,3.4865870489828277
-2.4575765357648214,-4.881100412261943,3.7863269918491134
-2.854267279381561,-4.199535449946211,0.8615013329848029
-2.412074160765153,-4.4587344132591475,6.751836260876216
-4.197812656543134,-3.8730934980820346,4.190200347652409
-5.409051872682039,-2.776178201346755,4.007166093840081
-4.901936936416586,-4.083538443869152,2.2132553762379628
-5.855748523670697,-4.100011934761327,6.419923754952269
-6.5730698518639015,-3.4285956400671953,7.271020137370576
-6.804127002287141,-2.637013102914963,6.1721774206420195
-8.00914487149031,-1.7880284807883005,5.747149134416253
-7.490894204045031,-2.338486332440056,5.675979487720895
-8.353297194052892,-1.4772509907353413,3.32586385672284
-8.518941992299323,-0.06865294864821059,7.13019720362479
-9.09359377459373,-1.5173334261899145,6.951958664234543
-9.051438062174874,-0.7793579381735714,6.187338614831671
-9.70225661782951,0.5070582101805531,4.564846561670397
-9.642867447084397,0.9186530620903748,3.819326734117154
-9.816638601876756,1.5508631574484317,5.171150459069468
-10.896611181453254,2.380433725287231,7.053454442709877
-10.235800779697344,2.236532849559801,4.86113288590264
-10.037215453797387,3.533077446292829,5.531190950132089
-10.145651917133613,2.4047999804414943,8.13224273839131
-9.80117260953634,4.582194607422371,5.231772891936254
-10.126711241982457,3.1519692516487914,1.9392657669685134
-10.060809848039238,5.435934765435489,6.024885127535722
-10.071513095522917,3.168008023659807,4.309124302443521
-9.177186427149776,5.495984021078636,8.867077890443682
-7.441773862759298,4.979022093475538,7.411091067582635
-8.473520972349274,5.172535752822357,4.925515680846139
-7.045161617597147,4.868049373207078,7.139313414993614
-7.475711744728155,5.654754689131992,1.9711693508157118
-7.0214238303030845,7.872099879019093,4.993111883991642
-6.063520937802213,6.129677678847907,5.267050455359596
-6.473485006201486,5.2144644252220544,5.272177143903362
-5.1669596825402815,8.025211212056615,7.076209302138215
-5.267846713193598,6.661554334381498,4.781994340403318
-4.128373713455037,6.231260303208838,-0.04950547129575433
-2.4181615264775327,7.942624604249358,3.067620900847646
-3.073972546900527,7.7993017987866935,5.059220689609397
-2.2850284950705815,8.502935214192519,6.578498865519975
-1.1813063907664425,7.319929476171412,5.43605908077116
-1.686386687527912,8.324369838287383,5.913582445215517
-0.10567054869074397,7.667898238957099,4.392588205022276
0.6345277912141968,8.18001305922001,-14.999340112054508
1.3784931483237584,8.001138040329598,-10.996763836370395
1.8158712328787285,7.721638350185349,-10.529075438795656
1.8888889473142636,8.755538080378644,-13.68961376000232
2.9081916670408625,7.2854201465681445,-11.793704162975825
4.726382963109454,7.86985381450006,8.761071101891364
4.61194353123069,8.037241217053355,6.819649912038273
5.193479706399381,6.994792467342047,3.214912349547564
5.365214252054635,7.392264290179558,1.9717939800230329
6.149450581825565,6.338043016875608,4.875965209639876
6.634299439707263,7.0715369555859855,4.183115377508559
6.807030004113779,6.259881526860274,1.989048720346529
7.670690265874242,5.601825078350936,4.83214946533803
8.561730289755044,6.191686833869433,0.4416529942241292
9.074175198428453,4.363973579549943,4.918589933823195
8.931284818140504,6.01733494964798,6.545629961197362
9.31779919319245,4.498580803769682,1.8919434527001573
9.09440896409439,4.007414608139271,6.367821755062467
9.873736770787215,3.4723466159896983,3.928035681933898
9.698239294445608,3.9812615556543833,2.8205076853367843
10.070687210232995,3.067254446158154,3.3710723296541354
11.086501968750452,1.5261818155813769,4.753458941792587
9.187568412667645,2.7000073079290736,1.436567379007371
10.564694859127282,1.8546248015817677,4.934714005197267
10.698635109305387,1.8402323512334746,4.772440623117547
10.479295122182878,1.4100621104995126,4.194870865479472
9.248474919534345,0.2559075312478445,7.933475084473612
9.470751559992005,0.9983537758252392,0.8426352333682914
9.214156687349151,-0.22371356451156094,0.6381096743477128
8.857321008535376,-1.2677464735719126,6.873265883149639
8.264113539924878,-1.3054478917118446,6.190134221241625
9.355029277371779,-3.1302714240853584,6.971627853489245
7.882675825031711,-1.7258111644345326,5.2513429339178685
7.901713422962363,-3.5556234483026463,-11.3164624971592
7.189554085863023,-4.4620318534071535,-11.606070467934131
5.202661171360244,-2.593123480880935,-10.629977398460866
5.784552888601931,-4.982122697209821,-11.98581383782402
5.020708241262566,-3.7612789956175274,-12.515700314851205
4.250291498263285,-4.951555539895837,5.8479447076902344
3.3058173005058205,-5.703837109103422,2.621151489121341
2.430679405695365,-6.190805395657721,6.106595840200724
2.8269732844913387,-5.02738750234421,9.37620327483399
1.8564820378090625,-6.043974599007923,8.143630312421175
1.1922049922415305,-6.197032846547302,6.254907891156
0.46158353740476776,-5.660363344925184,5.811195401956329
-0.27991934678074604,-6.566551094550299,8.115144018394119
-1.7494354567055046,-7.549719404730248,4.826970222367036
-1.8380395275502175,-6.789280387738723,7.938615166098172
-2.4499281413226237,-7.855811091808102,5.0608782575647275
-2.780253706279516,-7.4188265666533155,2.460650636884613
-3.6630984037052134,-8.01441570203841,5.157779319313186
-4.065066154545147,-7.703638159332786,7.230649658265939
-5.935810353042048,-7.383191788316858,5.799855208441837
-5.744990803527203,-6.5312436745367,6.997156728198462
-6.239118864927658,-7.494682547627052,5.772773944540511
-7.029406157368796,-7.843282474596101,5.675695292018961
-7.765781953251781,-6.987890333919473,4.3959791562812764
-8.827208514296167,-8.257709183666352,2.7963291278744373
-7.70916752047722,-7.959180334978072,4.155404709545964
-8.748362783738157,-8.020230937587877,4.781967589717975
-9.444276387117105,-7.299766986744298,2.1563134806732513
-8.666059023485568,-6.903057541529948,6.833707770238542
-8.583989613475795,-8.256246594558032,6.955177153018187
-9.063446634503459,-7.439253315582494,8.56910882710091
-9.333721290837754,-6.7184641800487075,3.87947829495996
-9.850940554376836,-6.463147712713048,8.615428050590562
-9.57638647195224,-7.278758892720555,4.16234164007478
-9.675603968993817,-6.384459466601757,6.180111112444564
-9.602777774177385,-5.351511111884976,3.5655830900743695
-10.049817191725841,-5.532908540818649,8.469982363223826
-9.010260790199592,-5.217510269662114,8.489410473301511
-9.844312840782981,9.53784323717582,4.265505043198985
-9.73105047648105,9.727768563589656,4.487022319652094
-8.94839762786033,10.157017578870862,5.381855224058811
-9.064334133301891,10.454027591140658,4.896927357570825
-8.714372064545385,11.765703392463116,3.373636164037071
-8.103796636184954,-3.703181051428767,5.284276559918989
-7.938340571680429,-1.883089709846173,1.507323862453552
-6.854246195690143,-3.864053989490647,2.8612426045531856
-7.334012085446561,-1.1667402144526653,6.758707510157163
-6.2561435569040045,-2.8065526401698575,1.0174742539387656
-5.2749344572267525,-0.9207628501027477,7.387222170185524
-5.3100392296579955,-2.0790928384945198,3.910729426320777
-5.298442710460627,-0.31097129457690265,4.612906780493176
-4.624616162083177,0.9241990513634895,5.805298807332583
-3.2412061660321045,0.43028107797059834,1.8891505865722396
-3.222218299281787,1.3767670488560932,4.441116268515578
-1.5483921609181501,0.554189495385927,6.4906031941795534
-0.8281240502266853,1.8250904421921763,6.61270432854527
0.19705446462973186,2.3065176665676907,6.898356181767887
0.4394444338686011,2.4751536510112557,1.8174199583822106
0.17202305844084687,3.598769276895209,6.768138200361449
1.9781761449837867,3.931576790444482,0.8127448295304971
2.918176681505795,4.046457756914169,6.212285344318968
3.3816931382324324,5.205259864214235,7.043998832702813
3.9363522790817025,5.323009908153293,6.525248122166955
4.592834566996911,5.612069495020201,6.800821937442438
5.96250086738635,5.8943852751001184,4.489006216392532
5.346428737894946,4.387456018190663,4.999035090209705
6.883192168490317,5.976426715509679,8.00892345786621
6.829504451745737,6.479749757444926,3.759046718641128
7.020299111328465,6.806424203062938,5.373372021490466
7.0700033180072355,6.9027206884669035,5.858790146895306
7.926794119385925,6.5229582346111705,4.768803795867131
7.197042270290806,7.639266393487675,4.624766121818964
8.684442791499187,8.040890062009684,4.184795895561834
8.386887673316817,6.859547877974461,4.298697966602921
9.566637696364017,7.590853092035075,5.063859917175078
8.79659619076871,7.429156600545947,4.988526162619126
9.403494319941592,6.566883185526554,6.031589080475509
10.171343683371957,8.586866029783366,4.559897281539158
9.462559117708034,6.867515116645102,7.655793579794691
9.805905556003845,7.377137291538157,4.7293611129006905
10.266721502852919,7.981552816374097,8.501267657040225
9.562784400916211,7.700349515993767,7.335353173779535
10.038250142616203,8.021237506356574,8.107438752012854
8.91516285736398,8.979025940630954,4.116803034862597
9.753577393941,8.705454229530552,5.531814792967052
9.023873378624698,9.042049338485532,7.6011799896611345
8.527175675122368,5.840632577223338,6.984534464037811
8.305521145323414,7.143477896612817,4.026085888215942
7.734870081314549,6.832237775658362,3.4796294764443516
7.713514547795929,6.385263216914567,6.337252444224618
6.601126358654299,5.7685737391802405,4.424466971669172
5.163108942835225,7.592533043520634,4.482394801394552
5.61984636182286,4.740808762266338,1.2127892216635807
6.584598294916943,6.2316323622305525,9.143249251454034
5.2534422883035115,3.976471937770218,3.0240842214298747
3.858110476532179,6.138560340510319,7.067138875997697
3.6216910013140398,5.403053284604182,3.694940992971212
3.0014218523209495,4.19357324343183,2.549559889880203
2.078450489400727,4.138144246513794,1.1380840442705358
1.9128839464712448,3.337510593077789,9.338050773436162
1.6927058352235962,2.4625592763483635,4.5479226028493445
0.7260355690139011,2.6322106724262078,3.123461693414173
-0.8824402467287387,1.948188940442725,2.824720646790458
-1.2092144489471353,1.719677325629577,7.150880521753162
-1.43925265283423,1.2915592688213529,0.7510499722538908
-1.8866722165037246,0.9764345866639492,5.198162757073868
-3.4320415490817937,1.3846389446567318,6.0270502135721715
-4.197780707262757,1.0310948154943338,0.4110765829945251
-3.831309053888904,-0.04389388014335577,3.158040610306622
-5.294340679285938,-1.040721832780552,3.1175895615186198
-5.346603417972,-0.4685072565996503,3.057122157044553
-6.629559877582189,-0.8124020457461752,6.298575991242219
-6.858777317682922,-2.3708584404102986,5.2567494860472515
-6.760043724680588,-1.863785277286443,3.3003336791868834
-7.475033522163562,-3.0490196287966453,0.651722453951356
-7.591461731258266,-2.9538305874034334,7.0479733639003275
-8.815028239378787,-3.125690435100569,2.343825360200765
-8.474513870468003,-4.2196678831860135,4.354002217016237
-9.556928631348766,-4.796167606133381,3.9142875436748863
-9.19683184153882,-4.245847509956429,6.1903219436154036
-10.027073589725962,-4.713455195879759,3.776429089094502
-10.551484508633797,-4.487822480835021,3.8839849335007584
-9.890190274966745,-7.302815648310435,3.6546537426599954
-10.131763425056556,-6.484022325348906,4.78979755492487
-10.181363693196753,-5.705074881459569,5.417605751215136
-10.18566474384543,-6.495493795416599,6.665151261934703
-9.48491127807977,-6.969511755380573,5.320961445691991
-10.039271904273395,-6.968002149468226,4.370544271677559
-9.812995973887556,-7.067553641005506,7.386039375538731
-9.66053095636277,-7.557747875620835,4.642546710018508
-9.602954133205069,-7.377671634460913,5.413451168118664
-8.661027801951816,-7.4599984037561065,3.481148707279032
-8.841964160665189,-7.794007428253627,4.99855716558788
-8.364379294277134,-8.442081604193179,4.51792374472962
-6.8264267678216495,-6.757104737980319,8.812908594448485
-7.618238736481515,-8.6063010632921,6.658082639658938
-7.315778560827904,-8.802974563949089,3.1779888153416023
-5.585611646077936,-8.21240367687448,8.077645141186746
-6.325971684702092,-7.297524757589305,5.528645896151566
-5.032696946760957,-8.27619174135529,8.191166957268754
-4.710038804454312,-8.102208605132258,3.828644966142965
-4.015772279630145,-8.787390138265037,3.2377765384390598
-4.265299242299914,-6.815088446931355,4.611966475745932
-2.3400743703020157,-7.254267607472499,4.915242412619739
-1.8668157811909858,-7.704203591162343,2.8204372021846815
-1.6273682366000355,-6.635763729130611,6.318206826302445
-0.936918968358986,-8.563949854014144,3.4562308262918204
-0.062079041826335196,-6.488864075088892,10.535390195957481
0.21276027664476682,-6.624454222005408,6.445109325451028
2.335498324987364,-5.401908648861229,5.434734443918516
2.693052423796824,-6.743292065586189,6.399555913273657
2.721566205581718,-5.709559759924787,6.878953286143673
3.7978655032514954,-5.030445176706002,3.5472056012133217
4.098611631376385,-4.923422879400199,6.373277577211785
4.735287408810045,-4.652298684943423,-0.8075875927838085
5.536036704964145,-2.942782439642307,0.7378614778582362
6.374667334068286,-4.240070209977233,6.6569742090165995
6.841338694678343,-2.4724658092677494,3.8453164529065846
7.137430185851044,-3.224497029059027,4.8035679219760805
6.6715189155189565,-1.4593546273855984,2.577599368142012
7.8135144309600575,-2.0360983925566516,4.581090561338713
8.230777575725188,-1.6861392080547402,5.6754834818091435
7.31162818846817,-0.5769294580385789,5.078631560894725
8.056191921539856,-0.6265773787408017,5.054568245743304
8.52142485519838,-0.190123439625541,4.589792740883862
8.985408540072363,1.6762844030246185,4.426686143750095
9.22769282222031,2.1688547395298636,3.8566472993164687
10.155440478341923,1.4566571852378993,4.172919287615485
10.06090087865669,1.8732081083235097,4.969989549944085
11.035607793154512,2.4772280900695853,4.291645694861142
9.944703578685633,2.3441791898724307,1.284707894305158
10.205491171155233,1.8226583744838785,6.4712642068325845
9.625840622711785,3.453519513096244,3.209751542155516
9.259869210542925,2.5673913943991398,4.298570808345663
9.890630076776862,5.133670486054114,8.212084105959336
9.906242993909988,4.891873248368633,5.359327549301675
9.601508438734887,4.611407940615846,5.641753937402639
8.291348512404,4.616485407438122,6.243786216971246
8.553166433749269,6.470578491143246,6.2101312567460765
8.868126684258366,5.453186535034806,7.296251020909047
6.848634941286847,6.3016213510563155,7.701340161668823
7.654892255506318,6.138492488431787,3.793050843365876
6.529925908698348,6.6750376151214725,7.065610106193141
5.454295620870004,6.909284773966176,2.324728692093593
4.850826914711997,6.250220667943959,3.5152114508088026
4.98642109500919,5.786254679388638,6.80261272285016
4.312034227539295,7.623822592705036,5.956732299897599
4.012266182686011,7.903737136406134,1.9482126417564327
3.039925477469497,7.544897389179103,5.580157631221745
2.2280556504525912,9.159484228780341,7.292426648365803
2.2382840021608934,7.4156462997789125,1.6281129593499983
1.4460307487870587,7.307894851453114,6.540477507829375
-0.11925205710529668,9.446506818094825,6.0152690786896414
-0.48690364184845747,8.255425018232614,7.030395785610341
-1.804199633084043,8.669571233993711,7.416970122367989
-1.738580561522267,8.178738270788658,5.593187353129595
-3.23999769455681,8.375409408141834,8.819674693789409
-3.3017618027341795,7.2856860044922875,6.5609803759544665
-4.0428849689734605,8.11996908890486,7.084797014782545
-4.319585603266043,7.885839723243167,1.6251038131861018
-5.350206703583359,8.547184544013962,6.701596970543117
-5.474280816312189,7.351883224354218,5.351750564898166
-5.759425482981901,7.76407314333469,6.4625367344827405
-6.14027224539231,6.310374219231671,8.180234139224753
-6.665035628487653,6.315904867127405,6.653261275556586
-7.8339560718083385,6.8654695954858305,1.7324331283693208
-8.629090324298662,5.794035211256728,5.700819217863293
-7.879099147332294,5.551924480336861,1.5309059014282087
-9.470356441071992,4.87577824487193,7.615475253839436
-9.059844356919573,5.3122927758772285,6.72747330077909
-9.460859268531827,4.540288403848955,5.871663169301596
-9.767600962604616,4.286411943725129,5.700463971808451
-9.21532666891909,2.931969550753591,6.442484429483212
-9.027896231243119,4.072771817038684,3.174905647912299
-9.845510826380583,2.948626823877823,4.321449477224886
-10.109645768849969,1.7995945414114745,6.764610408665766
-11.28314568991535,1.170848467124412,2.871898528992917
-9.21759521893007,1.8843423563078565,6.902322989513304
-8.457016755176747,0.8721740222067328,4.748328359556129
-8.74773109914578,-0.017290128301734486,4.974554757252024
-10.148586992500622,0.6265241813301539,6.393313997762772
-8.515984754585846,-0.35940946498951337,4.876671841166176
-8.410857720337368,0.7329589273391015,3.820797328735801
-8.902303939364298,-0.90050746826646,5.553015061311485
-7.917727681527309,-2.247000514912634,5.912394153037561
-6.955657698968942,-2.397082480343292,11.315101473180409
-6.815089216891722,-3.145841595411058,6.2063990504986695
-7.343803737604128,-1.8887355257423772,3.5818007673307104
-5.577223159236565,-2.8458810965972456,4.130133712299312
-5.0313446723590545,-3.1295461855229636,5.094914283545429
-4.639857358908609,-4.012311341064241,2.8058645053597284
-4.301881517157854,-4.869422541325192,8.537790173667972
-2.9812560150011755,-4.734593091206906,9.591641016498457
-2.5667593782651705,-5.444889904186651,7.225122918202871
-1.515066138818933,-5.750704038438947,1.2819499866813495
-1.3085739487578443,-5.579681743897107,5.4174309034906205
-1.0093366372478891,-6.293713246623145,2.924351107470089
-1.15168162149563,-6.786511222932958,6.323724497912781
-0.6017119191891566,-6.230733366656848,7.863560021183605
0.9566712670707821,-6.942002308868394,3.9025688677914796
0.7691472778860726,-8.530954358754304,5.134826762138658
2.372145051917848,-7.291916982322589,5.763147394324497
3.9015524606414194,-8.617550017748453,3.1365085932807184
3.6679462857338416,-8.089691369118293,6.062564784998447
4.706376416492132,-7.321901687508844,4.199445819560452
4.521081211842125,-8.329094974364423,-0.5709783137370508
5.9106899746673065,-9.139226543783195,3.098119344457918
6.373101144434194,-8.047098004091914,4.992636717176802
6.716059697349125,-8.820590231466783,1.9568329032984058
8.006257441961017,-8.496056534911727,4.26642119247926
7.662929685564735,-8.401326552522045,2.391743261764455
7.495437440715964,-8.55748315391423,3.8162035325911483
7.784445641774949,-7.968872239280793,2.7292803092026277
8.897638851189312,-7.356298759132113,5.050625089262928
8.586277901308362,-7.1477624426704365,0.6270211212168624
9.577068977406691,-8.25128789578968,2.8551595522167004
8.898127929308014,-6.326681505472477,6.000393277198764
10.260797780717562,-7.774355246870507,3.109028896525216
9.562451263093669,-7.388025345158753,5.151740473301344
9.919676652161622,-6.333894032116246,3.7132616403254652
9.658309040242582,-6.422321447778635,7.171738047300701
10.569738302408167,-6.597542863520341,8.498902439145171
8.94843282434061,-5.145174407435995,6.897309115433752
9.55904240818966,-5.189326664708834,6.580922591898615
9.586752045101438,-6.186258443229993,2.8967153066564295
10.2073074669345,-5.189570228583554,4.314513879566691
8.870492173517142,-4.996048066576662,4.1569917511095085
8.527282646830784,-4.508402044913368,5.6252370798957205
8.286249321506533,-5.115281686927865,6.63348225772156
7.924711052916219,-2.555244989687503,4.50739501239074
7.340230494511823,-3.2897206865370503,9.341240462232001
7.340742170302475,-2.683215824915003,4.189786055919381
7.312485587088108,-2.839823889852048,2.520927395606882
6.3821113478905245,-0.8568090489379185,6.9419713860951
5.720364622335005,-0.9484370825273325,4.732581866583567
4.412360638922303,-1.248004174078631,4.11471649387868
4.788736676804686,0.012111551279387123,7.0097844184008995
2.930607281095691,0.6682154065962752,1.951337971019762
2.849559935931241,0.9585663636379658,1.9761784580897355
2.39922452333965,1.2854523925003103,3.8629568806260672
1.5626499146683246,1.4630486490700945,5.56759622432702
0.7307912165869515,2.7174848722324647,9.151162149330673
0.6214653351320554,1.893474565816918,1.8737616426091912
-0.47756789891691664,3.586238826860987,4.312112992761178
0.3178811557198442,2.430296464171687,1.921897030208954
-1.6768535811288987,3.031421869155673,3.7606735046822815
-2.622398694202564,4.073504947155345,3.2455226036107216
-3.4072974190851544,4.171214632601764,3.5566688304012093
-3.864775087003313,4.88423965046109,1.7299023713883144
-4.190488954952899,5.423954569165705,5.671238786576895
-4.512827338234522,5.5488974062798055,4.027756892137996
-5.286883786471054,6.915644884269697,4.622236973613121
-5.3108686845155555,7.480022559143017,6.601853002882847
-5.28140709067941,6.681840142891172,7.159506649394743
-7.318034234221126,6.090099929627297,3.3779596073478424
-7.441004500268674,6.690407777856126,5.3555443145375135
-8.35593306857456,8.338903836358348,6.1662184727526075
-8.664177880165141,7.040284201263772,4.745507506235743
-9.375890568749085,9.769315537701702,3.6651753611015288
-9.017170451020807,7.271615856394218,4.152853264811865
-9.377923596125813,7.007493636006002,7.456065531074393
-8.727402486221651,8.056193480816248,0.7671148974438298
-9.516105228030595,8.263430479706717,8.183791783154778
-10.082725307012531,7.635097541423755,4.306429313961113
-8.957036563746193,7.4952404095315,1.4950608846316071
-9.61357430899323,7.844424166715733,5.851004943223236
-10.425755622504541,7.465927951517504,2.744141245249524
-10.693342750789355,7.345638493678339,3.572193449757303
-9.634294145286733,6.9196872024073475,1.460471057645249
-9.34693255422215,8.862387574739095,4.473296718514389
-8.655820006425845,7.981085280118525,5.147728817776461
-8.738118583240382,6.597540818840318,5.639877126398992
-8.366555858316028,8.074643512725057,6.070114236609053
-8.320913715171002,8.220770374104335,10.135944904050174
-8.264558601504904,7.115071151217524,5.086158726016856
-8.085278057977657,6.9587346756754185,2.9829301984531607
-7.194241416725316,7.365110614269528,6.191481380088757
-6.9418979479610226,6.787858205105968,3.7536593818569193
-7.311959820408768,6.83654088707112,6.331293672739644
-6.350570543580703,6.974306465469431,2.946356362033626
-4.083426782325495,5.071104209788338,3.769707620365094
-4.874521705558573,5.448420375146257,5.9837698144213975
-4.417017425230506,4.887687884391237,3.612883951688752
-3.2877019689570877,3.920213384707907,4.852543290648888
-2.551847250283656,3.3299487557591823,12.87247371989111
-1.0089971363253194,4.599359901403176,6.718685415161139
-1.4805202888574007,2.5710277025589807,4.849456477869808
-0.6513536408371152,2.6786688509923753,6.704202667897615
0.5329084783358333,1.0198180484445474,4.045417678965031
0.7644285187755367,2.229204469282065,6.841653510645334
1.1585369389814584,0.7108711304520343,2.1097853771147514
1.800972823986844,2.130888174345503,3.9185228625169404
3.4394211314304224,0.3729126289089456,4.667621843325149
3.157465429585842,1.0493973103882042,5.723019301362707
4.8621497975654995,0.4934246792226581,5.528418276126133
4.642579471496109,-1.2726165520428214,6.141139690238483
6.165435047598605,-1.191819132476337,4.945707325751606
6.1950956721329,-1.6960129881893447,5.778313769529852
6.803364315844166,-3.4748984034573165,1.2537424284752032
7.1832371602089555,-2.190425591986618,9.212352301717612
7.5563611820530285,-3.214040307410142,2.4537292393124863
6.949709030635508,-3.9676172664472866,-3.842977471618113
8.831000936940432,-2.6371760640139046,6.98729504713076
8.780216848162812,-3.2817011852827,5.572256957709163
8.345951742883392,-6.091891310477682,5.3953508516997735
9.371695421178778,-4.894161358360382,8.10918326669171
9.217396635046963,-6.523622535605803,7.499566934554731
9.340325797854774,-5.697638783006076,4.189704002756129
9.328513223512255,-7.024251303757225,4.75662484233131
9.869489495933147,-6.602648399874254,6.24166760648274
9.697999567523425,-7.167367809916236,4.804722953621721
9.8528648284661,-5.988738088291766,3.626825251105528
10.445186280305629,-7.473930102159623,4.953135054974664
9.333963227642085,-6.9054770556732255,4.6444594715424685
9.727452620551036,-7.476655445613656,4.37729238091418
9.580708030077133,-7.522247034191984,4.233078578802399
8.753253967625996,-9.06278340066444,5.0579385179490055
8.93761680945889,-7.4474165560346925,6.4940048428005435
7.846429126558685,-8.398578430314814,3.039491271045817
7.62045332039758,-8.069568652295997,4.716184123000765
7.9448824096327595,-8.926341162528415,6.633394253368217
7.593867637530281,-7.8963958256363584,2.793436635985019
6.622504069681076,-8.527436907403576,1.9278851798558878
5.710348329340502,-7.916648401467737,5.140246124376668
6.157665546098298,-8.952820953881428,4.263505361290676
4.482179640919097,-6.944855937871276,3.8226895718592493
4.528571523565982,-7.136740625867873,3.107426007190003
3.9344733464551203,-7.808986910816986,3.07973100792534
3.4278486497305467,-7.747641951767499,4.072483389091864
2.709130065391255,-5.765065380938159,2.6405561751210476
1.3346806751673022,-6.894140357939791,2.671243592664585
1.4126402217794558,-7.244379599887454,5.179420418891968
1.1083804009003488,-5.51668556670013,4.346754817344301
-0.5318556505123322,-5.91145674849926,5.75263103954511
0.6880652386565302,-6.181832775683133,5.8151907746009375
-1.3122562677237983,-5.895412629492239,3.566678687646906
-1.5352175248034166,-6.266940364446013,6.23500785642878
-2.4909081018646693,-4.480290612329165,3.1068813561331563
-3.1385446716918954,-4.978005133992595,4.873567334604115
-4.223362902748835,-5.681740570847749,6.065984268898858
-3.726987701864026,-4.085449435490695,4.507817911950323
-4.876797401877775,-3.4919008697807947,3.532411909078494
-5.6792224834910545,-4.140349498603808,4.5747411528138
-6.921945016737021,-3.9606639917835826,8.64811942017118
-7.426451940748374,-2.8771265286153507,3.0055646086719277
-7.917611713566247,-3.0341477013178864,7.517105332546301
-8.046075117334205,-1.9914593098372557,2.3991931203392816
-8.652855611051073,-2.6163152593597623,5.382397515858725
-8.42256733421282,-2.4934717971930067,7.672900735121413
-9.129757964659653,-1.4158934918236767,7.434769957742598
-9.719737316230933,0.1148705039722211,4.36399917036904
-9.868170592646223,0.5159434709136599,3.626370416986517
-9.447634683042436,1.5986247235200257,4.283793689456828
-9.076662422984164,1.6900410634365064,4.944223412933937
-9.624580071823091,2.4592841021903347,5.563767728160827
-9.602918805708974,1.788061123330293,3.6580463758736315
-10.028115961057997,3.0142572467440023,6.2574697248602
-9.431826816786783,1.7239706892314786,3.864002039164566
-10.115091740254337,3.872464027749902,5.2335343930902924
-10.599752322906223,3.4969575809097853,6.709881268282425
-8.985418279238965,5.135712504565934,6.500397649157721
-9.36778928032964,2.9143285348049126,4.232347860890933
-9.225975495764823,6.151086971972601,7.707647638705053
-8.838400040784945,5.829778891586137,5.133717708579888
-9.03664677105156,6.4098937151075885,3.946615102819905
-7.907448352485696,5.849712284185055,4.3678394980913025
-6.9969565594165575,6.127745519696406,5.091637126058077
-6.983323623977438,6.299513851199346,5.092775542385558
-5.505323124147896,6.858204544645779,3.9182069861989914
-6.001979613610148,7.263541727193009,6.75715355798503
-5.220429292612893,7.288556936096385,5.599426784829177
-4.128831677520083,6.649723334128445,6.930287456321579
-4.653551779989038,6.511146773589537,4.92888385828516
-2.750165363402878,7.052536693323633,3.9926747862055896
-2.8144845825479616,7.527342798036856,7.211473511845204
-2.1358056483032373,6.916746304603125,1.9483856596250502
-1.4253968533099288,8.46102080669989,5.179997878060807
-1.196170926460966,7.980144625748804,3.958639507527078
-0.35266778040610774,8.814637050454985,6.569346340877534
1.0383514446965563,6.731506594835951,7.271646130099772
2.379161603348778,7.967962653003231,2.327241852087396
2.2038681418284645,8.571517663141558,4.481455131373471
2.554229195648633,7.787868868706399,6.682309700222131
3.599067104393877,8.05634796138504,5.337145456559006
4.574852411934491,6.361249270956758,0.3085877699230437
4.258667159519253,8.886552873154487,4.566652063020355
5.585612509260107,7.280084312075807,2.546473819169371
5.961532196908845,5.985543864746071,7.325616153654697
7.547211146562467,7.820796750483758,4.543345899795686
6.709771905969173,5.658821928389295,5.151650550463701
7.208990516269591,5.243429905950528,7.5439536174284
7.999967259675732,5.128797771305641,7.101898392342306
8.404703343819044,5.953620773839329,7.113892289678595
8.484205246696435,5.398858899674972,7.246349791890685
8.459328338902909,4.633232241271976,2.074790914608725
9.11962407322042,4.660965644315561,4.515500277785675
9.798034051203663,4.294122649802474,5.355982266074599
9.29026455431747,4.203608545201019,4.184611410486442
9.518588223310065,4.368375912308133,3.1162128382881416
9.012442331011671,2.7312728331743568,3.483700787547826
9.719891922486104,3.060076996875509,4.548472559322897
9.905418558975448,1.9978497490275986,5.588981263676325
10.002559926089756,2.564050837420959,4.796350498838626
10.175533589589888,1.2969888067011959,5.967217393347406
10.230696732775218,-0.2084472132604933,4.774644550310192
9.561697243608132,0.8531799313660793,7.818997860191761
9.23387137483208,-0.5551960029948051,4.7727721251019934
9.283066543016801,-0.6382548831888071,3.4038889531484067
8.580087120207331,-0.3374843206747344,3.528487406167374
7.773970474022838,-0.7218350241225024,1.7898217327759323
9.135531664062311,-1.9702353210206662,5.88607624524996
8.503480780142365,-1.97538965534526,5.300484940154261
6.231562385734375,-2.8332551684019336,5.862837868657413
6.917747567686957,-2.6301899339527384,9.707710239987069
6.8712022796002845,-3.2797989541810697,6.307574210143966
5.311890291419071,-4.972456011280303,3.20645262602833
5.460675079067468,-4.198307413657112,4.634176934933533
3.8041131914506368,-5.486180358961173,3.9461636363178147
3.818716902556419,-5.6030667768596585,7.279551505135066
2.7334260040101874,-4.684745273716197,5.05532919126322
1.626467843587099,-5.633712240566019,3.915182934178432
2.696101329516898,-7.23793260438097,5.474726672814557
1.3552006601970157,-6.507223000825547,4.317879214141514
0.6394609369630566,-7.093390078067838,4.6585728691587684
-0.9073710255092181,-5.657320723905728,3.815928439590433
-1.3475315901056841,-6.060797713354174,1.541833318967209
-1.9424714067152347,-8.17921008289811,4.173727947783502
-2.1385033697670996,-6.621974492923009,4.825967383993069
-3.3588991463215865,-7.479669656497575,7.190109840034511
-5.311730356214513,-7.300976779220176,4.700528930823901
-3.9975406235682924,-8.108881984078906,6.498905335255423
-4.628199726401984,-7.814164012194929,6.0946337790074665
-4.808294644254122,-7.697195116333256,2.4104164451099486
-5.531074178991692,-7.701488490753052,4.124904454735435
-5.883559331636639,-7.800339953267385,5.78066650953488
-7.02329787481985,-7.776827736053124,7.1318641417416755
-8.101191669763615,-8.606902602790724,0.800950255693655
-8.720603433693368,-7.24635155614718,6.000268768048217
-8.611241403945948,-7.419444649993338,6.985101517458684
-9.252464548878967,-8.641698038423224,1.9610266300607653
-8.703749884746763,-8.682487544361617,7.366269307030558
-8.730004894739473,-7.699184113120756,4.215803715857948
-9.242225462216256,-6.0090441947755995,3.599324682122334
-9.73032458589614,-7.539564456795523,4.5017440397275506
-10.299262429445292,-6.622952418260749,6.352234996077744
-10.662618062743107,-5.8536162715943405,3.5307756275787665
-10.318752336624017,-7.187541224582612,7.63772894150946
-10.624627188915017,-7.147875707689038,6.627518765141255
-9.896815691832385,-5.900815080742032,5.56992472320181
-9.226110930336054,-5.572117460647649,7.206833424192109
-9.582511960104286,-4.531111957128086,4.42540272313239
-10.018493758524382,-5.0339757623111305,5.254233126109401
-9.286800161708442,-5.586180668204071,5.651704069915494
-8.67989291595445,-5.217299484578906,10.113975873373743
-8.873893024902577,-4.24068944002374,5.234536018808802
-7.917132716245498,-3.0584483517153194,8.681413622942099
-7.161157474004782,-2.246320473996139,0.6487036008192577
-6.322438464791647,-1.2995368958238,3.6908916997100443
-6.004574621410121,-1.3290466241634435,7.19553316558039
-4.343187413338972,-0.29470739025551707,2.1581542999394303
-5.835590612432443,-2.662328059973544,4.678009464787381
-4.626369192967834,-0.3425535776201448,6.850254332009749
-5.284134004652297,0.2602454624916988,6.669057984202241
-3.357353671547497,0.12353186323849297,6.567972128526958
-2.400902346469418,-0.39081832634708463,3.3875901858962045
-2.501352467840139,2.3490306026240906,4.627969049782382
-2.3657551880389827,1.542356041463052,5.841264583424391
-0.26551041397328823,2.676879923944817,8.232008207045787
-0.9909504009065209,2.6927174135425345,7.813635159436105
0.5831892543198676,4.103885786172527,1.9894408427881523
0.9703580281387018,2.3977258863211697,7.2695928882483845
1.3898168431419267,3.6033610031123375,4.4871599505971735
2.121237373150616,4.347943320087717,4.797423456621173
3.0782179368553693,3.6241972953923085,9.118025446339525
4.483225482389807,4.441249087556237,7.737737999474037
3.9279216567030835,7.143953104912329,7.265311885965454
4.907631532199374,4.591081057614748,3.445896158213694
5.618816126734528,5.54073478902696,7.147160295715308
6.2299726752379705,6.106111118686194,2.305736461907748
7.267686889145848,6.113153341875995,4.9006105776530795
6.561452801180725,6.621624284848811,8.844760224205272
8.299438276654163,6.495259653863645,3.476809226793402
8.529535711280552,7.17269338409063,6.728366236526748
9.048222997442817,6.939180730257423,1.4414646808901166
9.758512735108965,7.572247534072981,3.1173034428072355
9.273369223458007,6.900284818990846,7.889128856611201
9.442672093079773,7.802301177355261,6.343326154019216
10.427060932437989,6.724407478784075,7.367172688050321
10.65022791198593,8.12461698194888,8.168285019596805
9.146248806021694,7.442153903612012,3.9957179096585853
10.399633074145969,7.28911203597681,6.8776291149024535
10.631196609355637,6.887055897873077,3.244778686431235
10.45204064137867,9.104648138673731,1.016074500127528
9.841665124390637,7.776811697767397,5.28318433638746
9.43330128075917,6.454677861563268,10.046068377271183
9.45817114736826,7.113152829790692,7.1654476754926275
9.718537470704177,7.800177837183561,6.337421509327173
9.387794024278461,8.766120064138143,4.191543016556097
8.368892870330335,6.985458528979813,4.266209773459086
8.02601180063408,7.085537761773108,4.871863955188025
7.05401551641955,7.088786786288966,5.316559337964349
8.041479838893087,6.695272416436057,8.226872442288139
6.879586998810571,7.239065093448701,8.086350645784547
7.694984801385041,6.452828066718916,6.902429705439351
6.121093390269203,6.368734132676617,2.445318798925786
5.439873476848125,5.690774711706272,4.529631038265848
5.17539104025437,5.024422245839618,4.850622836457636
4.998272943348322,5.218457199526333,5.533098365972366
4.248800937884542,5.7664453108288365,5.3302291253096685
3.5471616346536017,2.6362343659078458,3.117692828719848
2.5585765826470217,3.0217252624736988,0.6517582900296199
0.9858415414445086,3.9924454818959716,3.8276494695166687
1.6844208320012057,2.6261919240473675,4.779048207824169
0.9109869559758552,3.6499233242432054,2.0893364637575025
-0.5840371629972874,2.744447264280348,4.857889863662181
-1.6681726713360006,2.639144998975223,4.2011069809568635
-1.5838055916067235,2.133294751230422,7.572546472321811
-2.3471255998689684,1.2620930779002026,3.1085059956827594
-3.4415095220575505,1.3196605205175702,2.236151990707377
-4.663303648537877,0.30229507172501635,5.782506040674223
-3.7122160599894474,-0.3859633449732214,7.16526765091589
-5.513356218169838,-1.8786199126958387,3.882034274641802
-5.278882056228668,-0.03727955067414568,7.637319116340228
-6.155681016952994,-2.343582064020999,7.726776990264305
-6.192396847424806,-2.063666810005615,8.481457533606788
-7.0674701949933105,-2.6030581052301707,5.662828674150749
-7.4789845948267875,-2.6734741163532196,6.118808733849818
-7.738940126766072,-3.1407742247253476,4.922343738595485
-8.531733555910224,-3.3584733817574834,5.445877437217972
-9.053927300856621,-3.803011482342305,4.248117895813398
-8.436167061061207,-3.6196910193794176,3.164287567190424
-9.169892376572449,-4.9248623890466465,5.1070642396393335
-9.013036999004587,-4.901914133430479,5.28930480551226
-9.106228819136835,-6.268818359974032,2.8260135576981433
-10.310048139633501,-6.238910217448754,5.371375540847469
-10.26135100228441,-6.853057564889609,7.916389759505282
-9.715345718485516,-7.109869076481631,5.098110987959472
-9.996025833773064,-6.461172425774875,5.616284760834383
-8.52310791710875,-6.53159728861352,3.0240624868582513
-10.889397167513776,-7.383194236387423,3.703302422240517
-9.581396915651734,-6.103691482285347,8.42475796471875
-9.737226281928315,-7.989801867719114,2.6652919117887426
-9.714764034057861,-6.858955380842579,5.799647458511306
-8.29477315523912,-6.966559399279242,6.034098889222002
-8.769078547032265,-7.456453300862803,6.918409901731118
-9.123697142903557,-8.17009398716148,3.7343915621160457
-8.09012770541463,-7.770184957500935,6.578333344493954
-7.598966952804943,-8.0711889329705,7.185544136020438
-7.141483411609431,-8.176907603440048,5.142813256482945
-6.38541430518083,-7.300046171452268,5.153439465933797
-7.2832233990232265,-7.818104324166541,3.8750586533503553
-5.997322703255546,-7.937952313582019,5.471788439120377
-4.542953726286271,-8.651413578186297,4.938205034694
-4.133355963606945,-7.200821543109122,4.845718959714616
-3.8130480660850985,-6.282364708572824,7.994035553660646
-2.238243335058043,-6.345661556062447,6.150109360347182
-1.8491885228217984,-6.667851013650154,4.564221405737075
-2.875870399456706,-6.348826042595533,1.7695533069220644
0.2748991454283466,-5.422242343392891,7.556250831160828
-0.6258198031504105,-7.101884195255911,4.884841601983834
0.46215733301889295,-6.204139338816861,5.884484657285843
2.204865505958194,-4.890927324912734,7.236913612228868
1.4648533286368872,-5.84887884214756,5.307525749588945
2.7204551802083556,-4.694267898814085,5.19950595601385
2.936654173723698,-5.280038145569721,4.120839862578808
3.7781863654348085,-4.582422960084008,5.222885806504902
4.6776849778334215,-3.9350617433614694,2.6414371025163743
5.8651439669372385,-3.665234554734644,2.234877847268784
5.845392191056028,-4.127440273686396,3.7579915414006653
7.103135831517629,12.646630216979608,1.5024363525935343
6.597798482878642,11.91620169952283,6.112306154879869
7.817969022116098,14.136611813211053,5.092205565676158
7.90901812115084,13.720603808627754,6.512193190510444
7.462532643840193,13.204432385342578,2.0096691519484122
8.213892898471395,-2.0972268913939534,6.142333488630138
8.441609981963305,0.6153477486157981,4.227310345026639
9.77868011091877,1.3385412931397163,3.469578713892016
8.563768577341815,-0.6349188570035054,5.067066247212497
9.96873759667527,1.6385162982787955,6.941827922236454
10.189712028019699,0.45449992501364034,3.9697686549395312
9.978416849850886,1.345829342268875,4.796521267658298
9.320791135855439,2.203392351610111,6.661901633202197
9.68045455554943,1.1541846145501622,4.7908998246562104
10.115268089939427,3.0352916964105208,5.195989221235146
9.211856329647382,3.508294197069526,4.992397990750233
9.28761227883762,2.7423033422793424,2.3030134124418593
9.806565308756161,4.373873318521149,7.055062115055017
9.585337804224851,5.913641448549357,6.763064323994558
9.248866429508006,5.052784678085571,6.743396494617314
8.181261373838218,5.709373827067335,5.214328054448028
7.691482099746934,23.094932547334775,5.412704387444633
8.35877398276446,23.92595404708964,5.194959844471094
6.719218728397146,23.871202356067123,3.710142746615631
6.061524313312179,23.338816968654303,5.384805881257763
7.352035971224163,23.617731314014367,0.466922201021295
6.563991717967952,6.937165833785826,7.271854789560637
7.078018194994645,5.675814296377604,2.5716928837634354
4.313829141844231,6.917535998108076,3.066691085865597
3.9421136022441217,7.842351666475289,6.176936367195187
3.7574468248999358,8.404905197217593,3.886770808157305
3.2487974456706312,7.527794497645599,5.075658136377784
2.187519300569232,7.246247665149285,6.450692583662724
0.23964323794945352,9.136030433025308,4.567967843790908
1.2907109597138395,7.975164464232598,2.4597231485663023
0.4769015438360027,8.677236030269505,3.613087475790843
-0.3969448166157723,8.44016167583194,4.2668231064443205
-0.8728321590639467,7.6810498158726945,1.365032300881138
-1.2945338417474015,9.25452300327426,4.449204820957969
-3.0868168520733947,8.166337365312282,3.978507491111188
-4.039081095131624,7.4745350867335345,2.7579923283456202
-3.807201918653786,8.077340335670579,3.8273955151008523
-5.192009807233985,6.811813772688665,2.588044978003744
-4.970571238986076,7.200865208204223,5.5137622227520175
-5.7515179354865005,8.419031437684342,1.5440047854727226
-5.270602319352572,7.262950143383267,4.178844384049119
-6.872776326667702,5.7597074033876385,2.8102353629361487
-7.0082506537746845,7.195266841750246,3.1077092310740095
-7.425471411001632,4.552353978695492,7.7232107610660155
-8.01820373891457,6.499856433950768,5.624661016678553
-8.489686695518786,5.416131064615151,4.418528331184158
-7.84796085096655,6.546277075717235,3.9952445120107574
-9.849510165211559,4.70053101800816,-12.381872388909173
-9.78516445395183,3.676153366446277,-6.107345829354291
-9.771127289915903,4.021731001442236,-7.888209262427938
-10.04659628130384,4.164225247641878,-9.266633349243072
-10.34033347640543,2.517390880419658,-5.768317041661312
-8.680062402205394,1.981007029637758,4.575618151897218
-10.210199629783359,3.1025340447115384,6.419411596027656
-10.038442589158677,3.0691534617061693,7.21056294637215
-9.246594214656247,2.087759350403678,3.8388496714018268
-9.639676274912903,2.221305269495521,4.516279111911133
-9.389613242743922,0.10538869931481376,6.170179626898271
-9.273966817554557,0.6583914003289406,6.223355696583617
-9.765367105398578,0.1257426118445478,1.9587927354515884
-9.310642505011916,-1.5070352447290412,2.901680251350344
-7.979787894728027,-2.208277712796445,4.591094349645842
-7.701989070021883,-2.00640940750887,8.31907017139407
-7.476650577124877,-1.7301129057678262,3.091703291791647
-7.248875836983235,-3.249209829598164,6.605876056156077
-6.989678781832571,-1.8749459258167,6.517241269127696
-5.577250623938726,-2.988818472419839,4.5414410353544925
-5.685758314410198,-3.169977664911852,6.671515009706713
-4.242821820249051,-3.5930930557810785,1.8791462304028879
-4.45511264504267,-3.9935583821730747,5.17993043227028
-3.5105055020662252,-5.482970618295942,3.4129310672322344
-2.8509754502716427,-6.625343000194223,6.915254580009457
-2.832173907310881,-5.457893402188739,4.321357650219951
-1.6098061669426824,-6.241163750488766,8.545137844693977
-0.6429598243729786,-5.070799308176885,4.950373038355014
-0.1566524444209491,-7.447964039484043,3.5053802763912496
-0.024000408043081733,-7.6526674367883665,2.5787507308265543
0.9392721745147288,-7.3939517371275665,4.580351554992506
1.9023884130898936,-7.815262360206354,6.160240931688094
2.089986677215726,-8.195560213671971,7.838354907794644
2.6586103881874705,-8.220521876901417,3.103160895226667
2.9182857183080904,-7.106077193486537,7.152081696529747
4.629679451231322,-7.396054649143762,4.240504310311429
3.206829946275372,-8.32448045982765,4.059964534102285
5.675390808348408,-7.794623457087785,6.11100085961991
6.806044059725695,-7.809008730941554,7.2933882580673535
7.2183097472036195,-8.858883384384551,10.131157042042728
7.457214807199792,-7.43337387893931,3.1617670818098227
7.642392331806927,-8.699696223124102,4.692164704038393
7.966776428015178,-8.37434495443049,5.787078480477022
8.039014441782038,-7.036633249953439,7.7726906969392076
7.814582897498991,-7.73572313900694,1.7179967486129906
8.236751342624975,-8.290857943701893,4.301108201721364
9.45693192037445,-7.873621571533782,3.756845247859593
10.424520081142601,-7.959642645551205,3.4025751325548637
9.544143643012584,-7.226421048569347,6.549435379874415
9.722697360519591,-6.5234594627568985,3.3376763075433598
10.35958985963406,-6.75604426872947,9.994975997332729
10.233803898890647,-5.940614526293228,5.448746032232763
9.285913171854705,-6.029016861553614,2.6769167147423247
10.232271541707263,-5.309295256292664,4.386098803434393
10.0015642154708,-5.763501907155723,3.4897086621759197
9.743234796158118,-4.963416878528229,2.7494566294825216
9.899368231167788,-5.06998538416571,2.1243245248109446
9.44624818581045,-4.5593486036429,6.758847867485341
9.472929120005599,-4.254945376026632,3.557764937920303
7.78367409654439,-3.0662537170274966,-0.5499085511072384
8.684995669232125,-3.1522595528561848,1.3186047713200484
7.329730620462137,-3.564325986011835,4.008041511265629
8.254172200827119,-2.2383838753822474,4.29301026131685
7.649932331946891,-3.3543475720937197,2.4391213732750416
5.530063347635701,-2.4015381659948365,3.3589363200728375
5.5045239506914445,-1.518515545624674,5.851121381177418
5.489107620280399,-0.7842272115358025,2.3633764056095266
4.781779825316273,-1.0680230789006027,5.744510612576924
3.908500082983356,-0.9913628277961973,4.490760580760653
2.941621037326662,-0.8417116759561817,4.791077738038248
3.0416129511408108,1.6078594285949697,6.853440464832881
2.073307854106055,1.811958422604577,5.782141209883529
1.2270136410728392,2.5356782189487483,1.4051646338977002
-0.1810539929891955,1.2634029162523732,3.1851214134365247
-0.7886582243713001,2.182405725422245,7.204825430645135
-0.2037994865277727,2.0455941869088337,5.699869379049121
-1.5630753617791546,3.2717934088125133,4.355053942495152
-2.4200162021900953,4.662373603108787,7.291080657964212
-2.639220652695296,4.230743291959841,2.682665975627862
-3.147975240139062,4.261659083582719,8.523544014674052
-5.057243073785116,6.097279017565526,4.720653651317719
-4.542239540286646,5.213515376246385,4.871571020985787
-5.636084452444379,3.989443902311756,4.589984401159173
-6.019652141295546,5.09853532181705,5.591820386707312
-6.699388600514891,6.138829826067201,6.716012715285992
-7.495315994959154,5.831406752510512,4.886915212304729
-7.629844035813776,6.7435985841068895,4.019052483352678
-8.727894062150543,6.307211945567779,4.1073591370599285
-8.450212795151023,5.847502113294843,1.2648470011593695
-8.339609708806757,7.025750073974856,6.932616961308389
-9.632320123685771,7.938205954362156,5.772675717878653
-10.24075016351359,7.264239048983763,2.907931261152534
-9.863186404785383,7.944423294435841,5.648879531183503
-9.472690720365316,8.172438596364751,4.486248393007079
-9.466381458830648,7.208309609295031,7.065528908000978
-10.405177824681466,7.7722070663508385,1.0226200008681556
-9.532685991108135,7.9981529853619175,8.530296723051507
-10.328639036924368,8.14219135737583,5.456729914691119
-9.762145678374447,8.206687777232586,4.48944277052657
-10.7364227326023,8.518200684389168,2.757269430854261
-9.469556162830587,7.355785656787569,3.844316163352838
-9.611858320436856,7.8880953368736835,4.278181989881738
-9.486235485763551,5.870923259928808,2.7700121039864336
-8.555050120714716,8.557633279189492,5.747104074861485
-8.481239793439137,7.1907757555458485,5.532136611416152
-8.149700663637459,6.617198704083052,6.120680043129505
-7.718454611730913,7.051287780203059,9.502812804890079
-7.939938169032168,6.86348924769346,8.823807422928692
-6.3749980353276365,6.736290898197029,4.322577441646106
-5.954629495184359,6.2512976479489435,3.628483656140054
-5.535909852024486,5.499944692323103,1.2630382123501844
-4.343919080632671,5.474563642618268,4.810100027937123
-5.282367671396835,5.16694118689714,5.550131091943658
-3.577668784415341,4.096749525363449,8.443124323592809
-3.540155857354274,2.4960561531375296,5.559623240837161
-3.019613863715696,3.542193966872358,5.5135552243523644
-2.9374261684564527,4.594763617240487,7.935206029752187
-1.0936983962209172,2.6666915401383156,5.691901312416355
-0.5948068140613217,2.761311348626153,2.098902461188132
1.0002809494556133,3.575863700979312,8.718227195675867
-0.06876670498287907,1.745163300144698,4.031167197686292
2.0058076097055975,1.0397512961635544,7.319276387708149
1.9707875821316623,0.8843231246031685,5.8242132182266335
2.9723117114856783,1.3933897737011451,4.587203493971682
3.185158513955919,-0.693084006137112,4.963575427116632
3.8408756352216575,-0.22702309602951315,4.391482019313063
4.032338662020558,-0.721591827212171,2.694118255182782
6.456017299621907,-0.946532173721263,2.3659599636677298
6.668557599159955,-0.9410703380284582,2.7756329699225586
6.078995583517282,-1.4036910534597786,5.675197372569281
7.561757313869582,-2.545188691765436,4.928254642067851
7.737031169692231,-2.675287472371584,10.230908034638944
8.584269682130765,-4.321564232213515,5.699878471706502
7.586432863118676,-3.337323097560961,5.467149940383947
8.039401853181815,-3.5975554749967866,3.9941521693788804
9.477910768020777,-3.883806696665731,5.588191622678493
10.005609833383144,-4.092873061276995,4.737572135130958
9.802950627872795,-5.651787026145036,6.536608496904872
10.198702077564592,-4.033537352101576,5.06932474658534
9.562923239977465,-5.830215676710913,5.906777709651818
9.184134623112298,-6.200937783527699,3.559271867359366
10.383652767995025,-6.2961145373349705,5.032479564578413
9.53972201761171,-7.285451377129149,6.3703854391293016
9.6385149693648,-6.456887273771878,0.8821369198914351
10.21933281945261,-7.078973744676072,3.3475934738174358
8.883676973295454,-7.206109099357249,5.440194561538336
8.791459347895739,-7.517628812915613,3.0258739902456933
8.64091278559184,-8.521154843808937,4.239656846429387
8.795030713286506,-7.112184776247668,6.930240834097333
8.61304249849752,-6.612961647852894,5.813905846983252
8.623206496128116,-8.420159327610742,4.220954324984707
7.150585978267205,-8.042690057688903,2.3132770003732017
7.702839962158357,-7.773785615461748,1.8329516848519756
6.515032550937731,-8.243967236684911,5.631354191099738
6.025672766485241,-8.127804623024293,3.965412052018457
6.03386878201483,-9.019400070059964,5.281504757975157
4.796332493915673,-8.312226599183225,4.605070388288471
4.813002550885082,-8.799101004392007,6.380592208217583
4.02972557632086,-8.093048105647444,5.697743367327847
3.6609626864698463,-6.1237546556592335,8.059127179146058
2.832543609442132,-7.596661785251839,5.011615917524741
1.6215926106838687,-8.158790722218232,4.569160024023704
1.6814542833209132,-6.281582964162913,1.9769189912219436
1.0305445382612612,-7.536242737402704,4.040264223783943
-0.3022625752424574,-6.0371420852999895,3.4176743602516084
-0.0009754661525234187,-6.448400517114961,3.9730988359174226
-1.6544645793747847,-5.213097105118238,2.2200268228159845
-1.6551477007480861,-5.517758100125942,5.403228964478533
-2.1761803583525485,-5.979403552205782,9.026108448789449
-3.1892371922518565,-4.02115360219207,7.843994338023142
-3.742925586884809,-4.786985039985372,5.345523714779271
-5.46641687898404,-4.179756674998367,4.007272284416258
-5.530940077879788,-2.7740000907141558,4.039984294998309
-6.215306263122765,-3.0835687031760286,5.160677750870624
-6.265548496278692,-2.695091306079739,0.7254312404463272
-6.963606945828233,-2.892382381625163,5.689497366686354
-6.907229502847404,-2.3312878800072427,6.8594488429949285
-7.604014351234475,-0.825876411408697,3.9938029551933485
-8.52797027127973,-1.826790157093681,7.588377336209852
-9.20559632542904,-1.393235648779879,6.616703648161926
-9.046572311477295,-0.2020113664053077,4.11234482004021
-9.54831822729502,0.07684024352544387,5.920462772438681
-8.587771341386965,0.12178261770501358,6.631633148217506
-9.453368180270694,0.4480568019830724,5.793056750544863
-9.773096629309261,1.710756629163513,7.256199701427747
-9.682318929221687,1.3212857524553838,5.880778602929405
-10.089506176507387,2.674728114592027,2.942188433206339
-10.078325357311892,2.8649810475427984,3.509817046734648
-10.165605540101534,2.099463819908624,5.612099029282849
-10.04755385328751,2.4982506338540187,2.8616467204013087
-10.145853125879524,4.431800959331217,5.268667563433715
-9.21687326422588,4.614283626954016,7.00893952865048
-9.474448402348509,4.235262086358428,4.554947781817051
-8.514148263940541,5.623220256205321,1.7893194992300434
-9.85636582993288,5.618572897791313,3.4385162217416148
-8.46773422073448,4.868638475993808,3.5171785345734596
-8.10759681791594,4.900330803960761,5.578978836868837
-7.078134798914059,5.673266687374239,6.1121872470201435
-7.45103715317067,6.993312308475906,6.653585151376082
-7.091784770731349,7.337542970770576,4.315323376191087
-6.499611519321794,7.238221173136595,6.127288600241172
-5.829365083366331,5.772398288842753,4.465446015429041
-4.42552349415305,6.866181747687553,0.3949264647687354
-3.8987829990394496,6.84146491917309,6.4869577298557495
-2.6633007717825565,7.0729074271344805,5.494994189069127
-2.179863781157013,6.916679683714683,5.932137285300136
-1.9976410155603181,7.739223387224151,3.1064147663806896
-0.6391242644496704,8.554978043660928,0.9435883847295905
-0.27255157615786807,8.482226921652398,4.557393812084213
-1.33013743741567,8.392252832276174,9.387616282145796
-0.1306576048413418,7.670766498197891,4.302585982187009
0.7123605810036329,-1.6953095819321007,6.5103040378855805
1.6651130806954073,-3.4069045297291822,3.259435889477589
3.0325949760387534,-3.853508683950051,5.178192575953565
3.298262662587436,-2.5215956937624426,7.933406007629451
4.352864695049361,-3.1162338292911986,3.4995298050867136
4.911002208382028,6.715663629950816,2.8685403354925274
5.4919021682990055,6.395758262848926,2.4781935170172105
6.367184369913144,7.375342378164029,2.8304345548531273
6.368029755944005,5.8720719122474625,2.3005837474623343
6.622295084374149,5.950574507929001,7.543029351054383
6.338414856612494,6.644372685216514,6.651006391620339
8.428990821568341,6.30403833850974,5.72589993889992
7.883453527600683,6.770435862031131,5.596128379390518
8.701181176431067,6.004315019843741,8.08502595740714
8.844965910055006,5.605115716545481,5.844653573538397
9.965275563836434,3.883752528121601,5.785138529325932
8.842666925100165,4.796274634394644,5.371434618557766
9.071352699833673,4.399713471844379,6.026711023759255
10.357056164277152,20.633199603239127,3.2126668845131405
9.636807587587338,19.744551011772923,4.777617460156125
9.6548000221964,20.788769188154642,2.670512891070092
10.597575218573974,19.99836792527071,4.110773600789163
10.349638005882769,19.46597772982377,3.2991696718366765
9.804549857795074,1.4498276671072627,5.477556586039396
10.089710729743812,0.4558646951451424,4.728908018882201
8.843462426544967,1.095059116420277,10.015664938878821
9.051207309636018,0.09440234158231868,5.262848613041019
8.912258489086467,-0.3674190738582811,3.55842290218016
8.871869071974185,-0.11870391498022026,2.6084246574929346
7.874863029326307,-1.548420293395491,5.861343112587032
9.070398839393466,-0.5469398878255691,5.0710619930393905
7.833785135593106,-1.9512631396762814,3.853498124037812
7.317571201284565,-3.612783736832504,2.951968319390727
6.193675143799931,-2.725986635116619,4.187611053320309
6.44573458224305,-2.3922612941274726,6.892531328571094
5.324872297843926,-4.755008340131704,-0.17299644183221563
4.619682036777511,-3.644896233539757,4.735217453597754
3.940401750609069,-3.9863179526091344,7.41111961677637
3.772073281326302,-5.079113984151709,4.05257176311301
3.1513124858135706,-4.79566519986265,3.118192240174289
1.568649421333753,-6.981876481457165,6.005448765496995
1.3433456372911325,-6.757617579145276,2.8554357383567432
1.2717445351988497,-5.849324310232567,4.456851573351068
0.43060553618257946,-7.120712794561863,3.7888651686841994
-0.07929043212434034,-6.0607346264981015,2.82921038232974
-1.1565270977063473,-7.434789099338221,5.702269341317608
-1.3003351476730614,-6.900655999695179,3.776720784268615
-2.9292481383522384,-7.763525536056255,3.6926248632942267
-3.350576988507345,-8.367267114145587,6.863246360882641
-3.782990333451811,-8.086436789832325,5.62567348543419
-4.309937920248713,-6.609875315155868,8.50225573113415
-4.508003239483294,-7.0857710958522455,7.8656894292869195
-6.535141723484823,-7.004365612707291,6.711203547602308
-6.723839996753249,-7.614550934571469,4.623532392198123
-6.407481236151488,-7.80176666806147,8.142477169979681
-8.061445127663182,-8.518205634175656,4.3861958533969965
-6.548808050834643,-8.05518259501524,1.7491464691110385
-7.633783811095864,-8.686425336222582,6.743916341483198
-8.998244224925132,-6.815959168461276,6.632393595986814
-8.913722101302913,-9.30714498360672,4.424392537621573
-8.797647417740173,-8.845035788430001,6.3439088813483115
-9.571754712739946,-7.591602287475409,8.126219474587602
-8.48945405774837,-6.045974033071214,8.031306437174164
-9.89401128185001,-8.04576670419682,5.417861333157828
-10.388149544040019,-7.539539019664037,5.076467941323605
-9.50004179851237,-6.986041109528767,6.13342799748378
-10.166701529764332,-6.25863922725022,6.976743695304222
-9.284864737877571,-5.982995238651732,0.10907772284894435
-10.054152088500691,-5.698106577269035,9.054290497576137
-9.257573432455517,-5.112498111196487,7.385912722513217
-9.667904627228362,-5.691741034269664,7.371323445385793
-9.604901570646062,-5.338695428960891,2.532046436893853
-8.828250824342684,-4.92157216746656,4.318813941454346
-8.470290626104484,-4.319334333340972,3.2447476267782243
-8.44710230028565,-4.197729586047727,4.507681559163207
-8.097304265430155,-3.046578314489187,7.982922176062197
-7.408136612102926,-3.304445393325255,4.592609523672449
-7.455299991522298,-3.4191896745636985,9.785531093277841
-6.314063424294829,-1.4745634246873822,4.008081555164241
-6.4045167214280445,-2.389980556356795,2.151744258356706
-7.04276471421773,-1.911971360499935,4.809688965006771
-5.335234105233043,-1.2363713519726722,4.906822808105693
